Finish_Sec,Place,Name,Location,Bib,Net_time,Pace,Division/Place,Sex-Age,Sex-Place,Gun Time,Age_grade,Finish_Sec
"(9000, 9060]",0,0,0,0,0,0,0,0,0,0,0,0
"(9060, 9120]",1,1,1,1,1,1,1,1,1,1,1,1
"(9120, 9180]",1,1,1,1,1,1,1,1,1,1,1,1
"(9180, 9240]",1,1,1,1,1,1,1,1,1,1,1,1
"(9240, 9300]",2,2,2,2,2,2,2,2,2,2,2,2
"(9300, 9360]",0,0,0,0,0,0,0,0,0,0,0,0
"(9360, 9420]",0,0,0,0,0,0,0,0,0,0,0,0
"(9420, 9480]",1,1,1,1,1,1,1,1,1,1,1,1
"(9480, 9540]",1,1,1,1,1,1,1,1,1,1,1,1
"(9540, 9600]",1,1,1,1,1,1,1,1,1,1,1,1
"(9600, 9660]",0,0,0,0,0,0,0,0,0,0,0,0
"(9660, 9720]",0,0,0,0,0,0,0,0,0,0,0,0
"(9720, 9780]",0,0,0,0,0,0,0,0,0,0,0,0
"(9780, 9840]",0,0,0,0,0,0,0,0,0,0,0,0
"(9840, 9900]",0,0,0,0,0,0,0,0,0,0,0,0
"(9900, 9960]",1,1,1,1,1,1,1,1,1,1,1,1
"(9960, 10020]",2,2,2,2,2,2,2,2,2,2,2,2
"(10020, 10080]",1,1,1,1,1,1,1,1,1,1,1,1
"(10080, 10140]",0,0,0,0,0,0,0,0,0,0,0,0
"(10140, 10200]",1,1,1,1,1,1,1,1,1,1,1,1
"(10200, 10260]",4,4,4,4,4,4,4,4,4,4,4,4
"(10260, 10320]",3,3,3,3,3,3,3,3,3,3,3,3
"(10320, 10380]",2,2,2,2,2,2,2,2,2,2,2,2
"(10380, 10440]",4,4,4,4,4,4,4,4,4,4,4,4
"(10440, 10500]",4,4,4,4,4,4,4,4,4,4,4,4
"(10500, 10560]",4,4,4,4,4,4,4,4,4,4,4,4
"(10560, 10620]",3,3,3,3,3,3,3,3,3,3,3,3
"(10620, 10680]",6,6,6,6,6,6,6,6,6,6,6,6
"(10680, 10740]",6,6,6,6,6,6,6,6,6,6,6,6
"(10740, 10800]",9,9,9,9,9,9,9,9,9,9,9,9
"(10800, 10860]",10,10,10,10,10,10,10,10,10,10,10,10
"(10860, 10920]",11,11,11,11,11,11,11,11,11,11,11,11
"(10920, 10980]",5,5,5,5,5,5,5,5,5,5,5,5
"(10980, 11040]",2,2,2,2,2,2,2,2,2,2,2,2
"(11040, 11100]",5,5,5,5,5,5,5,5,5,5,5,5
"(11100, 11160]",4,4,4,4,4,4,4,4,4,4,4,4
"(11160, 11220]",6,6,6,6,6,6,6,6,6,6,6,6
"(11220, 11280]",6,6,6,6,6,6,6,6,6,6,6,6
"(11280, 11340]",7,7,7,7,7,7,7,7,7,7,7,7
"(11340, 11400]",8,8,8,8,8,8,8,8,8,8,8,8
"(11400, 11460]",8,8,8,8,8,8,8,8,8,8,8,8
"(11460, 11520]",8,8,8,8,8,8,8,8,8,8,8,8
"(11520, 11580]",8,8,8,8,8,8,8,8,8,8,8,8
"(11580, 11640]",8,8,8,8,8,8,8,8,8,8,8,8
"(11640, 11700]",14,14,14,14,14,14,14,14,14,14,14,14
"(11700, 11760]",11,11,11,11,11,11,11,11,11,11,11,11
"(11760, 11820]",11,11,11,11,11,11,11,11,11,11,11,11
"(11820, 11880]",12,12,12,12,12,12,12,12,12,12,12,12
"(11880, 11940]",20,20,20,20,20,20,20,20,20,20,20,20
"(11940, 12000]",13,13,13,13,13,13,13,13,13,13,13,13
"(12000, 12060]",18,18,18,18,18,18,18,18,18,18,18,18
"(12060, 12120]",12,12,12,12,12,12,12,12,12,12,12,12
"(12120, 12180]",21,21,21,21,21,21,21,21,21,21,21,21
"(12180, 12240]",13,13,13,13,13,13,13,13,13,13,13,13
"(12240, 12300]",21,21,21,21,21,21,21,21,21,21,21,21
"(12300, 12360]",12,12,12,12,12,12,12,12,12,12,12,12
"(12360, 12420]",18,18,18,18,18,18,18,18,18,18,18,18
"(12420, 12480]",21,21,21,21,21,21,21,21,21,21,21,21
"(12480, 12540]",20,20,20,20,20,20,20,20,20,20,20,20
"(12540, 12600]",32,32,32,32,32,32,32,32,32,32,32,32
"(12600, 12660]",19,19,19,19,19,19,19,19,19,19,19,19
"(12660, 12720]",20,20,20,20,20,20,20,20,20,20,20,20
"(12720, 12780]",24,24,24,24,24,24,24,24,24,24,24,24
"(12780, 12840]",24,24,24,24,24,24,24,24,24,24,24,24
"(12840, 12900]",21,21,21,21,21,21,21,21,21,21,21,21
"(12900, 12960]",20,20,20,20,20,20,20,20,20,20,20,20
"(12960, 13020]",27,27,27,27,27,27,27,27,27,27,27,27
"(13020, 13080]",29,29,29,29,29,29,29,29,29,29,29,29
"(13080, 13140]",24,24,24,24,24,24,24,24,24,24,24,24
"(13140, 13200]",24,24,24,24,24,24,24,24,24,24,24,24
"(13200, 13260]",25,25,25,25,25,25,25,25,25,25,25,25
"(13260, 13320]",24,24,24,24,24,24,24,24,24,24,24,24
"(13320, 13380]",28,28,28,28,28,28,28,28,28,28,28,28
"(13380, 13440]",25,25,25,25,25,25,25,25,25,25,25,25
"(13440, 13500]",37,37,37,37,37,37,37,37,37,37,37,37
"(13500, 13560]",27,27,27,27,27,27,27,27,27,27,27,27
"(13560, 13620]",39,39,39,39,39,39,39,39,39,39,39,39
"(13620, 13680]",37,37,37,37,37,37,37,37,37,37,37,37
"(13680, 13740]",33,33,33,33,33,33,33,33,33,33,33,33
"(13740, 13800]",33,33,33,33,33,33,33,33,33,33,33,33
"(13800, 13860]",34,34,34,34,34,34,34,34,34,34,34,34
"(13860, 13920]",35,35,35,35,35,35,35,35,35,35,35,35
"(13920, 13980]",35,35,35,35,35,35,35,35,35,35,35,35
"(13980, 14040]",46,46,46,46,46,46,46,46,46,46,46,46
"(14040, 14100]",51,51,51,51,51,51,51,51,51,51,51,51
"(14100, 14160]",44,44,44,44,44,44,44,44,44,44,44,44
"(14160, 14220]",41,41,41,41,41,41,41,41,41,41,41,41
"(14220, 14280]",56,56,56,56,56,56,56,56,56,56,56,56
"(14280, 14340]",42,42,42,42,42,42,42,42,42,42,42,42
"(14340, 14400]",45,45,45,45,45,45,45,45,45,45,45,45
"(14400, 14460]",34,34,34,34,34,34,34,34,34,34,34,34
"(14460, 14520]",47,47,47,47,47,47,47,47,47,47,47,47
"(14520, 14580]",34,34,34,34,34,34,34,34,34,34,34,34
"(14580, 14640]",30,30,30,30,30,30,30,30,30,30,30,30
"(14640, 14700]",44,44,44,44,44,44,44,44,44,44,44,44
"(14700, 14760]",33,33,33,33,33,33,33,33,33,33,33,33
"(14760, 14820]",41,41,41,41,41,41,41,41,41,41,41,41
"(14820, 14880]",40,40,40,40,40,40,40,40,40,40,40,40
"(14880, 14940]",36,36,36,36,36,36,36,36,36,36,36,36
"(14940, 15000]",35,35,35,35,35,35,35,35,35,35,35,35
"(15000, 15060]",40,40,40,40,40,40,40,40,40,40,40,40
"(15060, 15120]",51,51,51,51,51,51,51,51,51,51,51,51
"(15120, 15180]",31,31,31,31,31,31,31,31,31,31,31,31
"(15180, 15240]",35,35,35,35,35,35,35,35,35,35,35,35
"(15240, 15300]",50,50,50,50,50,50,50,50,50,50,50,50
"(15300, 15360]",42,42,42,42,42,42,42,42,42,42,42,42
"(15360, 15420]",45,45,45,45,45,45,45,45,45,45,45,45
"(15420, 15480]",45,45,45,45,45,45,45,45,45,45,45,45
"(15480, 15540]",55,55,55,55,55,55,55,55,55,55,55,55
"(15540, 15600]",43,43,43,43,43,43,43,43,43,43,43,43
"(15600, 15660]",37,37,37,37,37,37,37,37,37,37,37,37
"(15660, 15720]",37,37,37,37,37,37,37,37,37,37,37,37
"(15720, 15780]",47,47,47,47,47,47,47,47,47,47,47,47
"(15780, 15840]",40,40,40,40,40,40,40,40,40,40,40,40
"(15840, 15900]",56,56,56,56,56,56,56,56,56,56,56,56
"(15900, 15960]",48,48,48,48,48,48,48,48,48,48,48,48
"(15960, 16020]",55,55,55,55,55,55,55,55,55,55,55,55
"(16020, 16080]",41,41,41,41,41,41,41,41,41,41,41,41
"(16080, 16140]",48,48,48,48,48,48,48,48,48,48,48,48
"(16140, 16200]",51,51,51,51,51,51,51,51,51,51,51,51
"(16200, 16260]",38,38,38,38,38,38,38,38,38,38,38,38
"(16260, 16320]",56,56,56,56,56,56,56,56,56,56,56,56
"(16320, 16380]",57,57,57,57,57,57,57,57,57,57,57,57
"(16380, 16440]",55,55,55,55,55,55,55,55,55,55,55,55
"(16440, 16500]",44,44,44,44,44,44,44,44,44,44,44,44
"(16500, 16560]",59,59,59,59,59,59,59,59,59,59,59,59
"(16560, 16620]",57,57,57,57,57,57,57,57,57,57,57,57
"(16620, 16680]",52,52,52,52,52,52,52,52,52,52,52,52
"(16680, 16740]",64,64,64,64,64,64,64,64,64,64,64,64
"(16740, 16800]",56,56,56,56,56,56,56,56,56,56,56,56
"(16800, 16860]",54,54,54,54,54,54,54,54,54,54,54,54
"(16860, 16920]",45,45,45,45,45,45,45,45,45,45,45,45
"(16920, 16980]",36,36,36,36,36,36,36,36,36,36,36,36
"(16980, 17040]",48,48,48,48,48,48,48,48,48,48,48,48
"(17040, 17100]",40,40,40,40,40,40,40,40,40,40,40,40
"(17100, 17160]",45,45,45,45,45,45,45,45,45,45,45,45
"(17160, 17220]",47,47,47,47,47,47,47,47,47,47,47,47
"(17220, 17280]",57,57,57,57,57,57,57,57,57,57,57,57
"(17280, 17340]",55,55,55,55,55,55,55,55,55,55,55,55
"(17340, 17400]",53,53,53,53,53,53,53,53,53,53,53,53
"(17400, 17460]",44,44,44,44,44,44,44,44,44,44,44,44
"(17460, 17520]",43,43,43,43,43,43,43,43,43,43,43,43
"(17520, 17580]",40,40,40,40,40,40,40,40,40,40,40,40
"(17580, 17640]",48,48,48,48,48,48,48,48,48,48,48,48
"(17640, 17700]",49,49,49,49,49,49,49,49,49,49,49,49
"(17700, 17760]",43,43,43,43,43,43,43,43,43,43,43,43
"(17760, 17820]",46,46,46,46,46,46,46,46,46,46,46,46
"(17820, 17880]",32,32,32,32,32,32,32,32,32,32,32,32
"(17880, 17940]",54,54,54,54,54,54,54,54,54,54,54,54
"(17940, 18000]",48,48,48,48,48,48,48,48,48,48,48,48
"(18000, 18060]",48,48,48,48,48,48,48,48,48,48,48,48
"(18060, 18120]",45,45,45,45,45,45,45,45,45,45,45,45
"(18120, 18180]",48,48,48,48,48,48,48,48,48,48,48,48
"(18180, 18240]",37,37,37,37,37,37,37,37,37,37,37,37
"(18240, 18300]",31,31,31,31,31,31,31,31,31,31,31,31
"(18300, 18360]",40,40,40,40,40,40,40,40,40,40,40,40
"(18360, 18420]",41,41,41,41,41,41,41,41,41,41,41,41
"(18420, 18480]",37,37,37,37,37,37,37,37,37,37,37,37
"(18480, 18540]",45,45,45,45,45,45,45,45,45,45,45,45
"(18540, 18600]",36,36,36,36,36,36,36,36,36,36,36,36
"(18600, 18660]",42,42,42,42,42,42,42,42,42,42,42,42
"(18660, 18720]",43,43,43,43,43,43,43,43,43,43,43,43
"(18720, 18780]",33,33,33,33,33,33,33,33,33,33,33,33
"(18780, 18840]",39,39,39,39,39,39,39,39,39,39,39,39
"(18840, 18900]",35,35,35,35,35,35,35,35,35,35,35,35
"(18900, 18960]",35,35,35,35,35,35,35,35,35,35,35,35
"(18960, 19020]",47,47,47,47,47,47,47,47,47,47,47,47
"(19020, 19080]",45,45,45,45,45,45,45,45,45,45,45,45
"(19080, 19140]",39,39,39,39,39,39,39,39,39,39,39,39
"(19140, 19200]",39,39,39,39,39,39,39,39,39,39,39,39
"(19200, 19260]",34,34,34,34,34,34,34,34,34,34,34,34
"(19260, 19320]",35,35,35,35,35,35,35,35,35,35,35,35
"(19320, 19380]",30,30,30,30,30,30,30,30,30,30,30,30
"(19380, 19440]",32,32,32,32,32,32,32,32,32,32,32,32
"(19440, 19500]",35,35,35,35,35,35,35,35,35,35,35,35
"(19500, 19560]",44,44,44,44,44,44,44,44,44,44,44,44
"(19560, 19620]",31,31,31,31,31,31,31,31,31,31,31,31
"(19620, 19680]",23,23,23,23,23,23,23,23,23,23,23,23
"(19680, 19740]",26,26,26,26,26,26,26,26,26,26,26,26
"(19740, 19800]",43,43,43,43,43,43,43,43,43,43,43,43
"(19800, 19860]",29,29,29,29,29,29,29,29,29,29,29,29
"(19860, 19920]",29,29,29,29,29,29,29,29,29,29,29,29
"(19920, 19980]",31,31,31,31,31,31,31,31,31,31,31,31
"(19980, 20040]",34,34,34,34,34,34,34,34,34,34,34,34
"(20040, 20100]",26,26,26,26,26,26,26,26,26,26,26,26
"(20100, 20160]",31,31,31,31,31,31,31,31,31,31,31,31
"(20160, 20220]",31,31,31,31,31,31,31,31,31,31,31,31
"(20220, 20280]",36,36,36,36,36,36,36,36,36,36,36,36
"(20280, 20340]",30,30,30,30,30,30,30,30,30,30,30,30
"(20340, 20400]",26,26,26,26,26,26,26,26,26,26,26,26
"(20400, 20460]",30,30,30,30,30,30,30,30,30,30,30,30
"(20460, 20520]",29,29,29,29,29,29,29,29,29,29,29,29
"(20520, 20580]",25,25,25,25,25,25,25,25,25,25,25,25
"(20580, 20640]",28,28,28,28,28,28,28,28,28,28,28,28
"(20640, 20700]",36,36,36,36,36,36,36,36,36,36,36,36
"(20700, 20760]",28,28,28,28,28,28,28,28,28,28,28,28
"(20760, 20820]",24,24,24,24,24,24,24,24,24,24,24,24
"(20820, 20880]",21,21,21,21,21,21,21,21,21,21,21,21
"(20880, 20940]",22,22,22,22,22,22,22,22,22,22,22,22
"(20940, 21000]",24,24,24,24,24,24,24,24,24,24,24,24
"(21000, 21060]",25,25,25,25,25,25,25,25,25,25,25,25
"(21060, 21120]",25,25,25,25,25,25,25,25,25,25,25,25
"(21120, 21180]",18,18,18,18,18,18,18,18,18,18,18,18
"(21180, 21240]",19,19,19,19,19,19,19,19,19,19,19,19
"(21240, 21300]",22,22,22,22,22,22,22,22,22,22,22,22
"(21300, 21360]",34,34,34,34,34,34,34,34,34,34,34,34
"(21360, 21420]",29,29,29,29,29,29,29,29,29,29,29,29
"(21420, 21480]",19,19,19,19,19,19,19,19,19,19,19,19
"(21480, 21540]",14,14,14,14,14,14,14,14,14,14,14,14
"(21540, 21600]",23,23,23,23,23,23,23,23,23,23,23,23
"(21600, 21660]",15,15,15,15,15,15,15,15,15,15,15,15
"(21660, 21720]",10,10,10,10,10,10,10,10,10,10,10,10
"(21720, 21780]",24,24,24,24,24,24,24,24,24,24,24,24
"(21780, 21840]",18,18,18,18,18,18,18,18,18,18,18,18
"(21840, 21900]",14,14,14,14,14,14,14,14,14,14,14,14
"(21900, 21960]",7,7,7,7,7,7,7,7,7,7,7,7
"(21960, 22020]",13,13,13,13,13,13,13,13,13,13,13,13
"(22020, 22080]",16,16,16,16,16,16,16,16,16,16,16,16
"(22080, 22140]",8,8,8,8,8,8,8,8,8,8,8,8
"(22140, 22200]",13,13,13,13,13,13,13,13,13,13,13,13
"(22200, 22260]",8,8,8,8,8,8,8,8,8,8,8,8
"(22260, 22320]",9,9,9,9,9,9,9,9,9,9,9,9
"(22320, 22380]",11,11,11,11,11,11,11,11,11,11,11,11
"(22380, 22440]",12,12,12,12,12,12,12,12,12,12,12,12
"(22440, 22500]",10,10,10,10,10,10,10,10,10,10,10,10
"(22500, 22560]",14,14,14,14,14,14,14,14,14,14,14,14
"(22560, 22620]",7,7,7,7,7,7,7,7,7,7,7,7
"(22620, 22680]",10,10,10,10,10,10,10,10,10,10,10,10
"(22680, 22740]",3,3,3,3,3,3,3,3,3,3,3,3
"(22740, 22800]",11,11,11,11,11,11,11,11,11,11,11,11
"(22800, 22860]",10,10,10,10,10,10,10,10,10,10,10,10
"(22860, 22920]",7,7,7,7,7,7,7,7,7,7,7,7
"(22920, 22980]",3,3,3,3,3,3,3,3,3,3,3,3
"(22980, 23040]",5,5,5,5,5,5,5,5,5,5,5,5
"(23040, 23100]",10,10,10,10,10,10,10,10,10,10,10,10
"(23100, 23160]",2,2,2,2,2,2,2,2,2,2,2,2
"(23160, 23220]",9,9,9,9,9,9,9,9,9,9,9,9
"(23220, 23280]",3,3,3,3,3,3,3,3,3,3,3,3
"(23280, 23340]",13,13,13,13,13,13,13,13,13,13,13,13
"(23340, 23400]",7,7,7,7,7,7,7,7,7,7,7,7
"(23400, 23460]",7,7,7,7,7,7,7,7,7,7,7,7
"(23460, 23520]",1,1,1,1,1,1,1,1,1,1,1,1
"(23520, 23580]",3,3,3,3,3,3,3,3,3,3,3,3
"(23580, 23640]",4,4,4,4,4,4,4,4,4,4,4,4
"(23640, 23700]",7,7,7,7,7,7,7,7,7,7,7,7
"(23700, 23760]",3,3,3,3,3,3,3,3,3,3,3,3
"(23760, 23820]",7,7,7,7,7,7,7,7,7,7,7,7
"(23820, 23880]",5,5,5,5,5,5,5,5,5,5,5,5
"(23880, 23940]",4,4,4,4,4,4,4,4,4,4,4,4
"(23940, 24000]",6,6,6,6,6,6,6,6,6,6,6,6
"(24000, 24060]",4,4,4,4,4,4,4,4,4,4,4,4
"(24060, 24120]",4,4,4,4,4,4,4,4,4,4,4,4
"(24120, 24180]",4,4,4,4,4,4,4,4,4,4,4,4
"(24180, 24240]",12,12,12,12,12,12,12,12,12,12,12,12
"(24240, 24300]",7,7,7,7,7,7,7,7,7,7,7,7
"(24300, 24360]",9,9,9,9,9,9,9,9,9,9,9,9
"(24360, 24420]",3,3,3,3,3,3,3,3,3,3,3,3
"(24420, 24480]",2,2,2,2,2,2,2,2,2,2,2,2
"(24480, 24540]",3,3,3,3,3,3,3,3,3,3,3,3
"(24540, 24600]",6,6,6,6,6,6,6,6,6,6,6,6
"(24600, 24660]",6,6,6,6,6,6,6,6,6,6,6,6
"(24660, 24720]",1,1,1,1,1,1,1,1,1,1,1,1
"(24720, 24780]",5,5,5,5,5,5,5,5,5,5,5,5
"(24780, 24840]",3,3,3,3,3,3,3,3,3,3,3,3
"(24840, 24900]",4,4,4,4,4,4,4,4,4,4,4,4
"(24900, 24960]",10,10,10,10,10,10,10,10,10,10,10,10
"(24960, 25020]",8,8,8,8,8,8,8,8,8,8,8,8
"(25020, 25080]",5,5,5,5,5,5,5,5,5,5,5,5
"(25080, 25140]",1,1,1,1,1,1,1,1,1,1,1,1
"(25140, 25200]",3,3,3,3,3,3,3,3,3,3,3,3
"(25200, 25260]",2,2,2,2,2,2,2,2,2,2,2,2
"(25260, 25320]",1,1,1,1,1,1,1,1,1,1,1,1
"(25320, 25380]",3,3,3,3,3,3,3,3,3,3,3,3
"(25380, 25440]",1,1,1,1,1,1,1,1,1,1,1,1
"(25440, 25500]",1,1,1,1,1,1,1,1,1,1,1,1
"(25500, 25560]",3,3,3,3,3,3,3,3,3,3,3,3
"(25560, 25620]",4,4,4,4,4,4,4,4,4,4,4,4
"(25620, 25680]",1,1,1,1,1,1,1,1,1,1,1,1
"(25680, 25740]",2,2,2,2,2,2,2,2,2,2,2,2
"(25740, 25800]",1,1,1,1,1,1,1,1,1,1,1,1
"(25800, 25860]",2,2,2,2,2,2,2,2,2,2,2,2
"(25860, 25920]",1,1,1,1,1,1,1,1,1,1,1,1
"(25920, 25980]",0,0,0,0,0,0,0,0,0,0,0,0
"(25980, 26040]",4,4,4,4,4,4,4,4,4,4,4,4
"(26040, 26100]",0,0,0,0,0,0,0,0,0,0,0,0
"(26100, 26160]",2,2,2,2,2,2,2,2,2,2,2,2
"(26160, 26220]",2,2,2,2,2,2,2,2,2,2,2,2
"(26220, 26280]",1,1,1,1,1,1,1,1,1,1,1,1
"(26280, 26340]",2,2,2,2,2,2,2,2,2,2,2,2
"(26340, 26400]",1,1,1,1,1,1,1,1,1,1,1,1
"(26400, 26460]",2,2,2,2,2,2,2,2,2,2,2,2
"(26460, 26520]",0,0,0,0,0,0,0,0,0,0,0,0
"(26520, 26580]",1,1,1,1,1,1,1,1,1,1,1,1
"(26580, 26640]",0,0,0,0,0,0,0,0,0,0,0,0
"(26640, 26700]",0,0,0,0,0,0,0,0,0,0,0,0
"(26700, 26760]",2,2,2,2,2,2,2,2,2,2,2,2
"(26760, 26820]",1,1,1,1,1,1,1,1,1,1,1,1
"(26820, 26880]",5,5,5,5,5,5,5,5,5,5,5,5
"(26880, 26940]",2,2,2,2,2,2,2,2,2,2,2,2
"(26940, 27000]",1,1,1,1,1,1,1,1,1,1,1,1
"(27000, 27060]",0,0,0,0,0,0,0,0,0,0,0,0
"(27060, 27120]",1,1,1,1,1,1,1,1,1,1,1,1
"(27120, 27180]",1,1,1,1,1,1,1,1,1,1,1,1
"(27180, 27240]",1,1,1,1,1,1,1,1,1,1,1,1
"(27240, 27300]",0,0,0,0,0,0,0,0,0,0,0,0
"(27300, 27360]",1,1,1,1,1,1,1,1,1,1,1,1
"(27360, 27420]",3,3,3,3,3,3,3,3,3,3,3,3
"(27420, 27480]",1,1,1,1,1,1,1,1,1,1,1,1
"(27480, 27540]",1,1,1,1,1,1,1,1,1,1,1,1
"(27540, 27600]",1,1,1,1,1,1,1,1,1,1,1,1
"(27600, 27660]",0,0,0,0,0,0,0,0,0,0,0,0
"(27660, 27720]",1,1,1,1,1,1,1,1,1,1,1,1
"(27720, 27780]",1,1,1,1,1,1,1,1,1,1,1,1
"(27780, 27840]",0,0,0,0,0,0,0,0,0,0,0,0
"(27840, 27900]",1,1,1,1,1,1,1,1,1,1,1,1
"(27900, 27960]",1,1,1,1,1,1,1,1,1,1,1,1
"(27960, 28020]",2,2,2,2,2,2,2,2,2,2,2,2
"(28020, 28080]",0,0,0,0,0,0,0,0,0,0,0,0
"(28080, 28140]",1,1,1,1,1,1,1,1,1,1,1,1
"(28140, 28200]",0,0,0,0,0,0,0,0,0,0,0,0
"(28200, 28260]",1,1,1,1,1,1,1,1,1,1,1,1
"(28260, 28320]",0,0,0,0,0,0,0,0,0,0,0,0
"(28320, 28380]",0,0,0,0,0,0,0,0,0,0,0,0
"(28380, 28440]",2,2,2,2,2,2,2,2,2,2,2,2
"(28440, 28500]",0,0,0,0,0,0,0,0,0,0,0,0
"(28500, 28560]",0,0,0,0,0,0,0,0,0,0,0,0
"(28560, 28620]",0,0,0,0,0,0,0,0,0,0,0,0
"(28620, 28680]",0,0,0,0,0,0,0,0,0,0,0,0
"(28680, 28740]",0,0,0,0,0,0,0,0,0,0,0,0
"(28740, 28800]",0,0,0,0,0,0,0,0,0,0,0,0
"(28800, 28860]",0,0,0,0,0,0,0,0,0,0,0,0
"(28860, 28920]",0,0,0,0,0,0,0,0,0,0,0,0
"(28920, 28980]",0,0,0,0,0,0,0,0,0,0,0,0
"(28980, 29040]",0,0,0,0,0,0,0,0,0,0,0,0
"(29040, 29100]",0,0,0,0,0,0,0,0,0,0,0,0
"(29100, 29160]",0,0,0,0,0,0,0,0,0,0,0,0
"(29160, 29220]",0,0,0,0,0,0,0,0,0,0,0,0
"(29220, 29280]",0,0,0,0,0,0,0,0,0,0,0,0
"(29280, 29340]",0,0,0,0,0,0,0,0,0,0,0,0
"(29340, 29400]",0,0,0,0,0,0,0,0,0,0,0,0
"(29400, 29460]",0,0,0,0,0,0,0,0,0,0,0,0
"(29460, 29520]",0,0,0,0,0,0,0,0,0,0,0,0
"(29520, 29580]",0,0,0,0,0,0,0,0,0,0,0,0
"(29580, 29640]",0,0,0,0,0,0,0,0,0,0,0,0
"(29640, 29700]",0,0,0,0,0,0,0,0,0,0,0,0
"(29700, 29760]",0,0,0,0,0,0,0,0,0,0,0,0
"(29760, 29820]",1,1,1,1,1,1,1,1,1,1,1,1
"(29820, 29880]",0,0,0,0,0,0,0,0,0,0,0,0
"(29880, 29940]",0,0,0,0,0,0,0,0,0,0,0,0
"(29940, 30000]",0,0,0,0,0,0,0,0,0,0,0,0
"(30000, 30060]",0,0,0,0,0,0,0,0,0,0,0,0
"(30060, 30120]",0,0,0,0,0,0,0,0,0,0,0,0
"(30120, 30180]",0,0,0,0,0,0,0,0,0,0,0,0
"(30180, 30240]",0,0,0,0,0,0,0,0,0,0,0,0
"(30240, 30300]",0,0,0,0,0,0,0,0,0,0,0,0
"(30300, 30360]",0,0,0,0,0,0,0,0,0,0,0,0
"(30360, 30420]",0,0,0,0,0,0,0,0,0,0,0,0
"(30420, 30480]",0,0,0,0,0,0,0,0,0,0,0,0
"(30480, 30540]",0,0,0,0,0,0,0,0,0,0,0,0
"(30540, 30600]",0,0,0,0,0,0,0,0,0,0,0,0
"(30600, 30660]",0,0,0,0,0,0,0,0,0,0,0,0
"(30660, 30720]",0,0,0,0,0,0,0,0,0,0,0,0
"(30720, 30780]",0,0,0,0,0,0,0,0,0,0,0,0
"(30780, 30840]",0,0,0,0,0,0,0,0,0,0,0,0
"(30840, 30900]",0,0,0,0,0,0,0,0,0,0,0,0
"(30900, 30960]",0,0,0,0,0,0,0,0,0,0,0,0
"(30960, 31020]",0,0,0,0,0,0,0,0,0,0,0,0
"(31020, 31080]",0,0,0,0,0,0,0,0,0,0,0,0
"(31080, 31140]",0,0,0,0,0,0,0,0,0,0,0,0
"(31140, 31200]",0,0,0,0,0,0,0,0,0,0,0,0
"(31200, 31260]",0,0,0,0,0,0,0,0,0,0,0,0
"(31260, 31320]",0,0,0,0,0,0,0,0,0,0,0,0
"(31320, 31380]",0,0,0,0,0,0,0,0,0,0,0,0
"(31380, 31440]",0,0,0,0,0,0,0,0,0,0,0,0
"(31440, 31500]",0,0,0,0,0,0,0,0,0,0,0,0
"(31500, 31560]",0,0,0,0,0,0,0,0,0,0,0,0
"(31560, 31620]",0,0,0,0,0,0,0,0,0,0,0,0
"(31620, 31680]",0,0,0,0,0,0,0,0,0,0,0,0
"(31680, 31740]",0,0,0,0,0,0,0,0,0,0,0,0
"(31740, 31800]",0,0,0,0,0,0,0,0,0,0,0,0
"(31800, 31860]",2,2,2,2,2,2,2,2,2,2,2,2
"(31860, 31920]",0,0,0,0,0,0,0,0,0,0,0,0
"(31920, 31980]",0,0,0,0,0,0,0,0,0,0,0,0
"(31980, 32040]",0,0,0,0,0,0,0,0,0,0,0,0
"(32040, 32100]",0,0,0,0,0,0,0,0,0,0,0,0
"(32100, 32160]",0,0,0,0,0,0,0,0,0,0,0,0
"(32160, 32220]",0,0,0,0,0,0,0,0,0,0,0,0
"(32220, 32280]",0,0,0,0,0,0,0,0,0,0,0,0
"(32280, 32340]",0,0,0,0,0,0,0,0,0,0,0,0
"(32340, 32400]",0,0,0,0,0,0,0,0,0,0,0,0
"(32400, 32460]",0,0,0,0,0,0,0,0,0,0,0,0
"(32460, 32520]",0,0,0,0,0,0,0,0,0,0,0,0
"(32520, 32580]",0,0,0,0,0,0,0,0,0,0,0,0
"(32580, 32640]",0,0,0,0,0,0,0,0,0,0,0,0
"(32640, 32700]",0,0,0,0,0,0,0,0,0,0,0,0
"(32700, 32760]",0,0,0,0,0,0,0,0,0,0,0,0
"(32760, 32820]",0,0,0,0,0,0,0,0,0,0,0,0
"(32820, 32880]",0,0,0,0,0,0,0,0,0,0,0,0
"(32880, 32940]",0,0,0,0,0,0,0,0,0,0,0,0
"(32940, 33000]",0,0,0,0,0,0,0,0,0,0,0,0
"(33000, 33060]",0,0,0,0,0,0,0,0,0,0,0,0
"(33060, 33120]",0,0,0,0,0,0,0,0,0,0,0,0
"(33120, 33180]",0,0,0,0,0,0,0,0,0,0,0,0
"(33180, 33240]",0,0,0,0,0,0,0,0,0,0,0,0
"(33240, 33300]",0,0,0,0,0,0,0,0,0,0,0,0
"(33300, 33360]",0,0,0,0,0,0,0,0,0,0,0,0
"(33360, 33420]",0,0,0,0,0,0,0,0,0,0,0,0
"(33420, 33480]",0,0,0,0,0,0,0,0,0,0,0,0
"(33480, 33540]",0,0,0,0,0,0,0,0,0,0,0,0
"(33540, 33600]",0,0,0,0,0,0,0,0,0,0,0,0
"(33600, 33660]",0,0,0,0,0,0,0,0,0,0,0,0
"(33660, 33720]",0,0,0,0,0,0,0,0,0,0,0,0
"(33720, 33780]",0,0,0,0,0,0,0,0,0,0,0,0
"(33780, 33840]",0,0,0,0,0,0,0,0,0,0,0,0
"(33840, 33900]",0,0,0,0,0,0,0,0,0,0,0,0
"(33900, 33960]",0,0,0,0,0,0,0,0,0,0,0,0
"(33960, 34020]",0,0,0,0,0,0,0,0,0,0,0,0
"(34020, 34080]",0,0,0,0,0,0,0,0,0,0,0,0
"(34080, 34140]",0,0,0,0,0,0,0,0,0,0,0,0
"(34140, 34200]",0,0,0,0,0,0,0,0,0,0,0,0
"(34200, 34260]",0,0,0,0,0,0,0,0,0,0,0,0
"(34260, 34320]",0,0,0,0,0,0,0,0,0,0,0,0
"(34320, 34380]",0,0,0,0,0,0,0,0,0,0,0,0
"(34380, 34440]",0,0,0,0,0,0,0,0,0,0,0,0
"(34440, 34500]",0,0,0,0,0,0,0,0,0,0,0,0
"(34500, 34560]",0,0,0,0,0,0,0,0,0,0,0,0
"(34560, 34620]",0,0,0,0,0,0,0,0,0,0,0,0
"(34620, 34680]",0,0,0,0,0,0,0,0,0,0,0,0
"(34680, 34740]",0,0,0,0,0,0,0,0,0,0,0,0
"(34740, 34800]",0,0,0,0,0,0,0,0,0,0,0,0
"(34800, 34860]",0,0,0,0,0,0,0,0,0,0,0,0
"(34860, 34920]",0,0,0,0,0,0,0,0,0,0,0,0
"(34920, 34980]",0,0,0,0,0,0,0,0,0,0,0,0
"(34980, 35040]",0,0,0,0,0,0,0,0,0,0,0,0
"(35040, 35100]",0,0,0,0,0,0,0,0,0,0,0,0
"(35100, 35160]",0,0,0,0,0,0,0,0,0,0,0,0
"(35160, 35220]",0,0,0,0,0,0,0,0,0,0,0,0
"(35220, 35280]",0,0,0,0,0,0,0,0,0,0,0,0
"(35280, 35340]",0,0,0,0,0,0,0,0,0,0,0,0
"(35340, 35400]",0,0,0,0,0,0,0,0,0,0,0,0
"(35400, 35460]",0,0,0,0,0,0,0,0,0,0,0,0
"(35460, 35520]",0,0,0,0,0,0,0,0,0,0,0,0
"(35520, 35580]",0,0,0,0,0,0,0,0,0,0,0,0
"(35580, 35640]",0,0,0,0,0,0,0,0,0,0,0,0
"(35640, 35700]",0,0,0,0,0,0,0,0,0,0,0,0
"(35700, 35760]",0,0,0,0,0,0,0,0,0,0,0,0
"(35760, 35820]",0,0,0,0,0,0,0,0,0,0,0,0
"(35820, 35880]",0,0,0,0,0,0,0,0,0,0,0,0
"(35880, 35940]",0,0,0,0,0,0,0,0,0,0,0,0
"(35940, 36000]",0,0,0,0,0,0,0,0,0,0,0,0
"(36000, 36060]",0,0,0,0,0,0,0,0,0,0,0,0
"(36060, 36120]",0,0,0,0,0,0,0,0,0,0,0,0
"(36120, 36180]",0,0,0,0,0,0,0,0,0,0,0,0
"(36180, 36240]",0,0,0,0,0,0,0,0,0,0,0,0
"(36240, 36300]",0,0,0,0,0,0,0,0,0,0,0,0
"(36300, 36360]",0,0,0,0,0,0,0,0,0,0,0,0
"(36360, 36420]",0,0,0,0,0,0,0,0,0,0,0,0
"(36420, 36480]",0,0,0,0,0,0,0,0,0,0,0,0
"(36480, 36540]",0,0,0,0,0,0,0,0,0,0,0,0
"(36540, 36600]",0,0,0,0,0,0,0,0,0,0,0,0
"(36600, 36660]",0,0,0,0,0,0,0,0,0,0,0,0
"(36660, 36720]",0,0,0,0,0,0,0,0,0,0,0,0
"(36720, 36780]",0,0,0,0,0,0,0,0,0,0,0,0
"(36780, 36840]",0,0,0,0,0,0,0,0,0,0,0,0
"(36840, 36900]",0,0,0,0,0,0,0,0,0,0,0,0
"(36900, 36960]",0,0,0,0,0,0,0,0,0,0,0,0
"(36960, 37020]",0,0,0,0,0,0,0,0,0,0,0,0
"(37020, 37080]",0,0,0,0,0,0,0,0,0,0,0,0
"(37080, 37140]",0,0,0,0,0,0,0,0,0,0,0,0
"(37140, 37200]",0,0,0,0,0,0,0,0,0,0,0,0
"(37200, 37260]",0,0,0,0,0,0,0,0,0,0,0,0
"(37260, 37320]",0,0,0,0,0,0,0,0,0,0,0,0
"(37320, 37380]",0,0,0,0,0,0,0,0,0,0,0,0
"(37380, 37440]",0,0,0,0,0,0,0,0,0,0,0,0
"(37440, 37500]",0,0,0,0,0,0,0,0,0,0,0,0
"(37500, 37560]",0,0,0,0,0,0,0,0,0,0,0,0
"(37560, 37620]",0,0,0,0,0,0,0,0,0,0,0,0
"(37620, 37680]",0,0,0,0,0,0,0,0,0,0,0,0
"(37680, 37740]",0,0,0,0,0,0,0,0,0,0,0,0
